{
  "train": {
    "split": "train",
    "roc_auc": 0.9950281425891182,
    "pr_auc": 0.9975004199054075,
    "accuracy": 0.9627659574468085,
    "report": {
      "0": {
        "precision": 0.9461538461538461,
        "recall": 0.9461538461538461,
        "f1-score": 0.9461538461538461,
        "support": 130.0
      },
      "1": {
        "precision": 0.9715447154471545,
        "recall": 0.9715447154471545,
        "f1-score": 0.9715447154471545,
        "support": 246.0
      },
      "accuracy": 0.9627659574468085,
      "macro avg": {
        "precision": 0.9588492808005002,
        "recall": 0.9588492808005002,
        "f1-score": 0.9588492808005002,
        "support": 376.0
      },
      "weighted avg": {
        "precision": 0.9627659574468085,
        "recall": 0.9627659574468085,
        "f1-score": 0.9627659574468085,
        "support": 376.0
      }
    },
    "confusion_matrix": [
      [
        123,
        7
      ],
      [
        7,
        239
      ]
    ],
    "y_true": [
      1,
      1,
      0,
      0,
      0,
      1,
      1,
      0,
      1,
      0,
      1,
      1,
      0,
      1,
      1,
      1,
      1,
      1,
      1,
      0,
      1,
      0,
      0,
      0,
      1,
      1,
      1,
      1,
      0,
      1,
      0,
      1,
      0,
      1,
      1,
      0,
      1,
      0,
      1,
      0,
      1,
      0,
      1,
      1,
      1,
      1,
      1,
      1,
      0,
      1,
      0,
      1,
      0,
      1,
      0,
      1,
      0,
      1,
      1,
      1,
      0,
      1,
      0,
      1,
      1,
      0,
      1,
      1,
      1,
      0,
      1,
      0,
      1,
      1,
      1,
      0,
      0,
      1,
      1,
      1,
      1,
      0,
      0,
      0,
      0,
      1,
      1,
      0,
      1,
      0,
      1,
      0,
      0,
      0,
      0,
      1,
      1,
      1,
      1,
      0,
      1,
      1,
      1,
      1,
      1,
      1,
      1,
      1,
      0,
      1,
      0,
      0,
      0,
      0,
      1,
      1,
      1,
      0,
      1,
      0,
      1,
      1,
      0,
      1,
      0,
      0,
      0,
      0,
      0,
      1,
      1,
      1,
      0,
      1,
      1,
      0,
      1,
      1,
      1,
      1,
      0,
      1,
      1,
      0,
      1,
      1,
      0,
      1,
      0,
      0,
      1,
      1,
      1,
      1,
      0,
      1,
      1,
      1,
      0,
      1,
      1,
      1,
      1,
      0,
      1,
      0,
      1,
      1,
      1,
      1,
      0,
      0,
      1,
      1,
      0,
      1,
      1,
      0,
      0,
      1,
      0,
      1,
      1,
      1,
      1,
      1,
      1,
      1,
      0,
      1,
      1,
      0,
      1,
      0,
      1,
      1,
      0,
      1,
      0,
      1,
      1,
      0,
      0,
      1,
      1,
      0,
      1,
      1,
      1,
      1,
      0,
      1,
      1,
      1,
      1,
      0,
      1,
      1,
      0,
      1,
      1,
      1,
      0,
      1,
      1,
      0,
      1,
      0,
      1,
      0,
      1,
      1,
      1,
      0,
      1,
      1,
      0,
      0,
      1,
      1,
      0,
      1,
      1,
      1,
      1,
      1,
      1,
      0,
      1,
      1,
      1,
      1,
      0,
      0,
      1,
      1,
      1,
      1,
      1,
      1,
      1,
      1,
      0,
      1,
      1,
      0,
      1,
      0,
      1,
      0,
      1,
      1,
      0,
      0,
      1,
      0,
      1,
      0,
      1,
      1,
      1,
      0,
      1,
      1,
      1,
      0,
      1,
      1,
      0,
      0,
      1,
      1,
      1,
      1,
      0,
      1,
      1,
      0,
      1,
      1,
      1,
      1,
      1,
      0,
      0,
      1,
      1,
      1,
      1,
      1,
      1,
      1,
      0,
      0,
      1,
      1,
      0,
      0,
      1,
      0,
      1,
      0,
      1,
      0,
      1,
      1,
      1,
      0,
      0,
      1,
      0,
      0,
      1,
      1,
      0,
      1,
      1,
      0,
      1,
      0,
      1,
      1,
      1,
      1,
      1,
      1,
      1,
      1,
      1,
      0,
      0,
      1,
      1,
      0,
      1,
      1,
      1,
      1,
      1,
      1,
      1,
      1,
      0,
      1,
      0,
      1,
      1,
      1,
      1,
      0,
      0,
      1,
      1,
      1,
      1,
      0
    ],