{
  "roc_auc": 0.8201368523949168,
  "pr_auc": 0.9044319732394799,
  "accuracy": 0.6526315789473685,
  "report": {
    "0": {
      "precision": 0.0,
      "recall": 0.0,
      "f1-score": 0.0,
      "support": 33.0
    },
    "1": {
      "precision": 0.6526315789473685,
      "recall": 1.0,
      "f1-score": 0.7898089171974523,
      "support": 62.0
    },
    "accuracy": 0.6526315789473685,
    "macro avg": {
      "precision": 0.3263157894736842,
      "recall": 0.5,
      "f1-score": 0.39490445859872614,
      "support": 95.0
    },
    "weighted avg": {
      "precision": 0.4259279778393352,
      "recall": 0.6526315789473685,
      "f1-score": 0.5154542406972846,
      "support": 95.0
    }
  },
  "confusion_matrix": [
    [
      0,
      33
    ],
    [
      0,
      62
    ]
  ]
}