{
  "roc_auc": 0.8641251221896383,
  "pr_auc": 0.929241847721586,
  "accuracy": 0.6526315789473685,
  "report": {
    "0": {
      "precision": 0.5,
      "recall": 0.030303030303030304,
      "f1-score": 0.05714285714285714,
      "support": 33.0
    },
    "1": {
      "precision": 0.6559139784946236,
      "recall": 0.9838709677419355,
      "f1-score": 0.7870967741935484,
      "support": 62.0
    },
    "accuracy": 0.6526315789473685,
    "macro avg": {
      "precision": 0.5779569892473118,
      "recall": 0.5070869990224829,
      "f1-score": 0.4221198156682028,
      "support": 95.0
    },
    "weighted avg": {
      "precision": 0.6017543859649123,
      "recall": 0.6526315789473685,
      "f1-score": 0.5335338345864662,
      "support": 95.0
    }
  },
  "confusion_matrix": [
    [
      1,
      32
    ],
    [
      1,
      61
    ]
  ]
}